Titanic,drama,1990,Leonardo
John Wick,actiune,2010,Keanu Reeves
Jurassic Park,SF,1997,Jur Park
Sonic 2,aventura,2022,Jim Carrey
John Wick,actiune,2010,Keanu Reeves
Jurassic Park,SF,1997,Jur Park
Sonic 2,aventura,2022,Jim Carrey
John Wick,actiune,2010,Keanu Reeves
Jurassic Park,SF,1997,Jur Park
Titanic,drama,1990,Leonardo
Titanic,drama,1990,Leonardo
Jurassic Park,SF,1997,Jur Park
Titanic,drama,1990,Leonardo
Jurassic Park,SF,1997,Jur Park
Sonic 2,aventura,2022,Jim Carrey
John Wick,actiune,2010,Keanu Reeves
Titanic,drama,1990,Leonardo
